sku_id,total_comments,effective_comments,effective_ratio,avg_sentiment,std_sentiment,n_sentiment,pos_ratio,neg_ratio,avg_rating_norm,topic_top1_ratio,volume_factor,cat,recommend_index,rank_v1
清扬男士洗发水,21,21,1.0,1.0,0.0,21,1.0,0.0,1.0,0.5,0.39841577657243665,洗发水,86.48,1
蒙牛大果粒,15,15,1.0,1.0,0.0,15,1.0,0.0,1.0,0.5,0.3573691094688731,蒙牛,86.07,2
珠海某酒店,14,14,1.0,1.0,0.0,14,1.0,0.0,1.0,0.5,0.3490505032362329,酒店,85.99,3
福州某酒店,13,13,1.0,1.0,0.0,13,1.0,0.0,1.0,0.5,0.3401577594819142,酒店,85.9,4
香格里拉某酒店,13,13,1.0,1.0,0.0,13,1.0,0.0,1.0,0.5,0.3401577594819142,酒店,85.9,5
沈阳某酒店,13,13,1.0,1.0,0.0,13,1.0,0.0,1.0,0.5,0.3401577594819142,酒店,85.9,6
无锡某酒店,10,10,1.0,1.0,0.0,10,1.0,0.0,1.0,0.5,0.3090734992052183,酒店,85.59,7
泉州某酒店,9,9,1.0,1.0,0.0,9,1.0,0.0,1.0,0.5,0.29678862124738176,酒店,85.47,8
常州某酒店,9,9,1.0,1.0,0.0,9,1.0,0.0,1.0,0.5,0.29678862124738176,酒店,85.47,9
千岛湖某酒店,8,8,1.0,1.0,0.0,8,1.0,0.0,1.0,0.5,0.2832083187121389,酒店,85.33,10
肇庆某酒店,8,8,1.0,1.0,0.0,8,1.0,0.0,1.0,0.5,0.2832083187121389,酒店,85.33,11
喜来登酒店,8,8,1.0,1.0,0.0,8,1.0,0.0,1.0,0.5,0.2832083187121389,酒店,85.33,12
蒙牛绿色心情,7,7,1.0,1.0,0.0,7,1.0,0.0,1.0,0.5,0.26802683210165484,蒙牛,85.18,13
九寨沟某酒店,7,7,1.0,1.0,0.0,7,1.0,0.0,1.0,0.5,0.26802683210165484,酒店,85.18,14
国宾大酒店,6,6,1.0,1.0,0.0,6,1.0,0.0,1.0,0.5,0.2508154821146959,酒店,85.01,15
华圣高原红富士苹果,6,6,1.0,1.0,0.0,6,1.0,0.0,1.0,0.5,0.2508154821146959,水果,85.01,16
澳门某酒店,6,6,1.0,1.0,0.0,6,1.0,0.0,1.0,0.5,0.2508154821146959,酒店,85.01,17
金华某酒店,6,6,1.0,1.0,0.0,6,1.0,0.0,1.0,0.5,0.2508154821146959,酒店,85.01,18
上海迪士尼乐园酒店,6,6,1.0,1.0,0.0,6,1.0,0.0,1.0,0.5,0.2508154821146959,酒店,85.01,19
蒙牛香蕉奶,6,6,1.0,1.0,0.0,6,1.0,0.0,1.0,0.5,0.2508154821146959,蒙牛,85.01,20
亦舒的作品,6,6,1.0,1.0,0.0,6,1.0,0.0,1.0,0.5,0.2508154821146959,书籍,85.01,21
京东洗发水,6,6,1.0,1.0,0.0,6,1.0,0.0,1.0,0.5,0.2508154821146959,洗发水,85.01,22
清扬樱花洗发水,6,6,1.0,1.0,0.0,6,1.0,0.0,1.0,0.5,0.2508154821146959,洗发水,85.01,23
南京某酒店,29,29,1.0,0.9655172413793104,0.18569533817705186,29,0.9655172413793104,0.03448275862068961,0.9655172413793104,0.5,0.4383927806034512,酒店,84.99,24
华为MatePad Pro,95,95,1.0,0.9368421052631579,0.24453717969020555,95,0.9368421052631579,0.06315789473684208,0.9368421052631579,0.5,0.5883155461921609,平板,84.91,25
三毛的作品,5,5,1.0,1.0,0.0,5,1.0,0.0,1.0,0.5,0.2309464367232877,书籍,84.81,26
金陵溧阳宾馆,5,5,1.0,1.0,0.0,5,1.0,0.0,1.0,0.5,0.2309464367232877,酒店,84.81,27
蒙牛红枣酸牛奶,5,5,1.0,1.0,0.0,5,1.0,0.0,1.0,0.5,0.2309464367232877,蒙牛,84.81,28
自贡某酒店,5,5,1.0,1.0,0.0,5,1.0,0.0,1.0,0.5,0.2309464367232877,酒店,84.81,29
索菲特酒店,5,5,1.0,1.0,0.0,5,1.0,0.0,1.0,0.5,0.2309464367232877,酒店,84.81,30
美的电热水器40升,5,5,1.0,1.0,0.0,5,1.0,0.0,1.0,0.5,0.2309464367232877,热水器,84.81,31
联想ThinkPad X1,5,5,1.0,1.0,0.0,5,1.0,0.0,1.0,0.5,0.2309464367232877,计算机,84.81,32
厦门宾馆,5,5,1.0,1.0,0.0,5,1.0,0.0,1.0,0.5,0.2309464367232877,酒店,84.81,33
呼和浩特某酒店,5,5,1.0,1.0,0.0,5,1.0,0.0,1.0,0.5,0.2309464367232877,酒店,84.81,34
神奇校车,5,5,1.0,1.0,0.0,5,1.0,0.0,1.0,0.5,0.2309464367232877,书籍,84.81,35
武夷山某酒店,5,5,1.0,1.0,0.0,5,1.0,0.0,1.0,0.5,0.2309464367232877,酒店,84.81,36
木棉花酒店,5,5,1.0,1.0,0.0,5,1.0,0.0,1.0,0.5,0.2309464367232877,酒店,84.81,37
开发区某酒店,5,5,1.0,1.0,0.0,5,1.0,0.0,1.0,0.5,0.2309464367232877,酒店,84.81,38
当地某酒店,5,5,1.0,1.0,0.0,5,1.0,0.0,1.0,0.5,0.2309464367232877,酒店,84.81,39
庐山某酒店,5,5,1.0,1.0,0.0,5,1.0,0.0,1.0,0.5,0.2309464367232877,酒店,84.81,40
神舟电脑,5,5,1.0,1.0,0.0,5,1.0,0.0,1.0,0.5,0.2309464367232877,计算机,84.81,41
镇江某酒店,5,5,1.0,1.0,0.0,5,1.0,0.0,1.0,0.5,0.2309464367232877,酒店,84.81,42
湖州某酒店,5,5,1.0,1.0,0.0,5,1.0,0.0,1.0,0.5,0.2309464367232877,酒店,84.81,43
小米平板3,5,5,1.0,1.0,0.0,5,1.0,0.0,1.0,0.5,0.2309464367232877,平板,84.81,44
蒙牛纯奶,4,4,1.0,1.0,0.0,4,1.0,0.0,1.0,0.5,0.20744634388016345,蒙牛,84.57,45
蒙牛红枣酸奶,4,4,1.0,1.0,0.0,4,1.0,0.0,1.0,0.5,0.20744634388016345,蒙牛,84.57,46
中山国际酒店,4,4,1.0,1.0,0.0,4,1.0,0.0,1.0,0.5,0.20744634388016345,酒店,84.57,47
郎教授的作品,4,4,1.0,1.0,0.0,4,1.0,0.0,1.0,0.5,0.20744634388016345,书籍,84.57,48
蒙牛酸牛奶,4,4,1.0,1.0,0.0,4,1.0,0.0,1.0,0.5,0.20744634388016345,蒙牛,84.57,49
东营某酒店,4,4,1.0,1.0,0.0,4,1.0,0.0,1.0,0.5,0.20744634388016345,酒店,84.57,50
优派电脑,4,4,1.0,1.0,0.0,4,1.0,0.0,1.0,0.5,0.20744634388016345,计算机,84.57,51
阳光酒店,4,4,1.0,1.0,0.0,4,1.0,0.0,1.0,0.5,0.20744634388016345,酒店,84.57,52
湛江某酒店,4,4,1.0,1.0,0.0,4,1.0,0.0,1.0,0.5,0.20744634388016345,酒店,84.57,53
柳州宾馆,4,4,1.0,1.0,0.0,4,1.0,0.0,1.0,0.5,0.20744634388016345,酒店,84.57,54
吉林某酒店,4,4,1.0,1.0,0.0,4,1.0,0.0,1.0,0.5,0.20744634388016345,酒店,84.57,55
甘肃苹果,4,4,1.0,1.0,0.0,4,1.0,0.0,1.0,0.5,0.20744634388016345,水果,84.57,56
奶牛电脑,4,4,1.0,1.0,0.0,4,1.0,0.0,1.0,0.5,0.20744634388016345,计算机,84.57,57
济源某酒店,4,4,1.0,1.0,0.0,4,1.0,0.0,1.0,0.5,0.20744634388016345,酒店,84.57,58
iPad mini,4,4,1.0,1.0,0.0,4,1.0,0.0,1.0,0.5,0.20744634388016345,平板,84.57,59
许昌某酒店,4,4,1.0,1.0,0.0,4,1.0,0.0,1.0,0.5,0.20744634388016345,酒店,84.57,60
小巫的作品,4,4,1.0,1.0,0.0,4,1.0,0.0,1.0,0.5,0.20744634388016345,书籍,84.57,61
平湖某酒店,4,4,1.0,1.0,0.0,4,1.0,0.0,1.0,0.5,0.20744634388016345,酒店,84.57,62
MacBook Air,4,4,1.0,1.0,0.0,4,1.0,0.0,1.0,0.5,0.20744634388016345,计算机,84.57,63
阿尔卡特OT535,4,4,1.0,1.0,0.0,4,1.0,0.0,1.0,0.5,0.20744634388016345,手机,84.57,64
安卓平板,4,4,1.0,1.0,0.0,4,1.0,0.0,1.0,0.5,0.20744634388016345,平板,84.57,65
汤姆走丢了,4,4,1.0,1.0,0.0,4,1.0,0.0,1.0,0.5,0.20744634388016345,书籍,84.57,66
新会某酒店,4,4,1.0,1.0,0.0,4,1.0,0.0,1.0,0.5,0.20744634388016345,酒店,84.57,67
成都新良大酒店,3,3,1.0,1.0,0.0,3,1.0,0.0,1.0,0.5,0.17868455473443656,酒店,84.29,68
横店某酒店,3,3,1.0,1.0,0.0,3,1.0,0.0,1.0,0.5,0.17868455473443656,酒店,84.29,69
青岛海景花园大酒店,3,3,1.0,1.0,0.0,3,1.0,0.0,1.0,0.5,0.17868455473443656,酒店,84.29,70
市中心某酒店,3,3,1.0,1.0,0.0,3,1.0,0.0,1.0,0.5,0.17868455473443656,酒店,84.29,71
广元某酒店,3,3,1.0,1.0,0.0,3,1.0,0.0,1.0,0.5,0.17868455473443656,酒店,84.29,72
库尔勒香梨,3,3,1.0,1.0,0.0,3,1.0,0.0,1.0,0.5,0.17868455473443656,水果,84.29,73
新疆某酒店,3,3,1.0,1.0,0.0,3,1.0,0.0,1.0,0.5,0.17868455473443656,酒店,84.29,74
张小娴的作品,3,3,1.0,1.0,0.0,3,1.0,0.0,1.0,0.5,0.17868455473443656,书籍,84.29,75
杭州友好饭店,3,3,1.0,1.0,0.0,3,1.0,0.0,1.0,0.5,0.17868455473443656,酒店,84.29,76
桐乡某酒店,3,3,1.0,1.0,0.0,3,1.0,0.0,1.0,0.5,0.17868455473443656,酒店,84.29,77
华为m3平板,3,3,1.0,1.0,0.0,3,1.0,0.0,1.0,0.5,0.17868455473443656,平板,84.29,78
小王子,3,3,1.0,1.0,0.0,3,1.0,0.0,1.0,0.5,0.17868455473443656,书籍,84.29,79
华为m3,3,3,1.0,1.0,0.0,3,1.0,0.0,1.0,0.5,0.17868455473443656,平板,84.29,80
蒙牛绿色好心情,3,3,1.0,1.0,0.0,3,1.0,0.0,1.0,0.5,0.17868455473443656,蒙牛,84.29,81
蒙牛新养道,3,3,1.0,1.0,0.0,3,1.0,0.0,1.0,0.5,0.17868455473443656,蒙牛,84.29,82
三星NC10,3,3,1.0,1.0,0.0,3,1.0,0.0,1.0,0.5,0.17868455473443656,计算机,84.29,83
蒙牛核桃牛奶,3,3,1.0,1.0,0.0,3,1.0,0.0,1.0,0.5,0.17868455473443656,蒙牛,84.29,84
上海粤海酒店,3,3,1.0,1.0,0.0,3,1.0,0.0,1.0,0.5,0.17868455473443656,酒店,84.29,85
上海瑞吉红塔大酒店,3,3,1.0,1.0,0.0,3,1.0,0.0,1.0,0.5,0.17868455473443656,酒店,84.29,86
蒙牛小布丁,3,3,1.0,1.0,0.0,3,1.0,0.0,1.0,0.5,0.17868455473443656,蒙牛,84.29,87
临海某酒店,3,3,1.0,1.0,0.0,3,1.0,0.0,1.0,0.5,0.17868455473443656,酒店,84.29,88
临沂某酒店,3,3,1.0,1.0,0.0,3,1.0,0.0,1.0,0.5,0.17868455473443656,酒店,84.29,89
东野圭吾的作品,3,3,1.0,1.0,0.0,3,1.0,0.0,1.0,0.5,0.17868455473443656,书籍,84.29,90
冰心的作品,3,3,1.0,1.0,0.0,3,1.0,0.0,1.0,0.5,0.17868455473443656,书籍,84.29,91
仪征某酒店,3,3,1.0,1.0,0.0,3,1.0,0.0,1.0,0.5,0.17868455473443656,酒店,84.29,92
诺基亚N73,3,3,1.0,1.0,0.0,3,1.0,0.0,1.0,0.5,0.17868455473443656,手机,84.29,93
香港YMCA酒店,3,3,1.0,1.0,0.0,3,1.0,0.0,1.0,0.5,0.17868455473443656,酒店,84.29,94
iPad mini4,3,3,1.0,1.0,0.0,3,1.0,0.0,1.0,0.5,0.17868455473443656,平板,84.29,95
越王山某酒店,3,3,1.0,1.0,0.0,3,1.0,0.0,1.0,0.5,0.17868455473443656,酒店,84.29,96
ThinkPad X61,3,3,1.0,1.0,0.0,3,1.0,0.0,1.0,0.5,0.17868455473443656,计算机,84.29,97
赣州某酒店,3,3,1.0,1.0,0.0,3,1.0,0.0,1.0,0.5,0.17868455473443656,酒店,84.29,98
西塘某酒店,3,3,1.0,1.0,0.0,3,1.0,0.0,1.0,0.5,0.17868455473443656,酒店,84.29,99
西双版纳某酒店,3,3,1.0,1.0,0.0,3,1.0,0.0,1.0,0.5,0.17868455473443656,酒店,84.29,100
VS洗发水,3,3,1.0,1.0,0.0,3,1.0,0.0,1.0,0.5,0.17868455473443656,洗发水,84.29,101
沙宣洗护套装,3,3,1.0,1.0,0.0,3,1.0,0.0,1.0,0.5,0.17868455473443656,洗发水,84.29,102
池莉的作品,3,3,1.0,1.0,0.0,3,1.0,0.0,1.0,0.5,0.17868455473443656,书籍,84.29,103
小熊宝宝绘本,3,3,1.0,1.0,0.0,3,1.0,0.0,1.0,0.5,0.17868455473443656,书籍,84.29,104
林语堂的作品,3,3,1.0,1.0,0.0,3,1.0,0.0,1.0,0.5,0.17868455473443656,书籍,84.29,105
泸州某酒店,3,3,1.0,1.0,0.0,3,1.0,0.0,1.0,0.5,0.17868455473443656,酒店,84.29,106
海宁某酒店,3,3,1.0,1.0,0.0,3,1.0,0.0,1.0,0.5,0.17868455473443656,酒店,84.29,107
滋源无硅油洗发水,3,3,1.0,1.0,0.0,3,1.0,0.0,1.0,0.5,0.17868455473443656,洗发水,84.29,108
烟台中心大酒店,3,3,1.0,1.0,0.0,3,1.0,0.0,1.0,0.5,0.17868455473443656,酒店,84.29,109
大连银帆宾馆,3,3,1.0,1.0,0.0,3,1.0,0.0,1.0,0.5,0.17868455473443656,酒店,84.29,110
南阳某酒店,3,3,1.0,1.0,0.0,3,1.0,0.0,1.0,0.5,0.17868455473443656,酒店,84.29,111
苹果,3,3,1.0,1.0,0.0,3,1.0,0.0,1.0,0.5,0.17868455473443656,水果,84.29,112
博鳌某酒店,3,3,1.0,1.0,0.0,3,1.0,0.0,1.0,0.5,0.17868455473443656,酒店,84.29,113
甘肃天水红富士苹果,3,3,1.0,1.0,0.0,3,1.0,0.0,1.0,0.5,0.17868455473443656,水果,84.29,114
华君酒店,3,3,1.0,1.0,0.0,3,1.0,0.0,1.0,0.5,0.17868455473443656,酒店,84.29,115
北戴河某酒店,3,3,1.0,1.0,0.0,3,1.0,0.0,1.0,0.5,0.17868455473443656,酒店,84.29,116
粤海酒店,3,3,1.0,1.0,0.0,3,1.0,0.0,1.0,0.5,0.17868455473443656,酒店,84.29,117
索尼W800,3,3,1.0,1.0,0.0,3,1.0,0.0,1.0,0.5,0.17868455473443656,手机,84.29,118
缙云某酒店,3,3,1.0,1.0,0.0,3,1.0,0.0,1.0,0.5,0.17868455473443656,酒店,84.29,119
蒙牛优酸乳,3,3,1.0,1.0,0.0,3,1.0,0.0,1.0,0.5,0.17868455473443656,蒙牛,84.29,120
芜湖某酒店,3,3,1.0,1.0,0.0,3,1.0,0.0,1.0,0.5,0.17868455473443656,酒店,84.29,121
荣耀畅玩平板2,3,3,1.0,1.0,0.0,3,1.0,0.0,1.0,0.5,0.17868455473443656,平板,84.29,122
蒙牛冰砖,3,3,1.0,1.0,0.0,3,1.0,0.0,1.0,0.5,0.17868455473443656,蒙牛,84.29,123
蒙牛酸酸乳,55,55,1.0,0.9272727272727272,0.26208179770229884,55,0.9272727272727272,0.07272727272727275,0.9272727272727272,0.5,0.5188423142163509,蒙牛,83.69,124
北京国贸大酒店,42,42,1.0,0.9285714285714286,0.26066118021500656,42,0.9285714285714286,0.0714285714285714,0.9285714285714286,0.5,0.4847948507825555,酒店,83.42,125
阳光玫瑰葡萄,17,17,1.0,0.9411764705882353,0.24253562503633297,17,0.9411764705882353,0.05882352941176472,0.9411764705882353,0.5,0.37255059607935714,水果,82.99,126
蒙牛冠益乳,22,21,0.9545454545454546,0.9523809523809523,0.21821789023599236,21,0.9523809523809523,0.04761904761904767,0.9523809523809523,0.5,0.39841577657243665,蒙牛,82.96,127
杭州某酒店,93,93,1.0,0.8924731182795699,0.311460988952202,93,0.8924731182795699,0.10752688172043012,0.8924731182795699,0.5,0.5856018952146602,酒店,82.44,128
万豪酒店,15,15,1.0,0.9333333333333333,0.2581988897471611,15,0.9333333333333333,0.06666666666666665,0.9333333333333333,0.5,0.3573691094688731,酒店,82.41,129
丽江某酒店,15,15,1.0,0.9333333333333333,0.2581988897471611,15,0.9333333333333333,0.06666666666666665,0.9333333333333333,0.5,0.3573691094688731,酒店,82.41,130
蒙牛香蕉牛奶,15,15,1.0,0.9333333333333333,0.2581988897471611,15,0.9333333333333333,0.06666666666666665,0.9333333333333333,0.5,0.3573691094688731,蒙牛,82.41,131
香港某酒店,130,130,1.0,0.8769230769230769,0.3297963810470022,130,0.8769230769230769,0.12307692307692308,0.8769230769230769,0.5,0.6283820286443318,酒店,82.01,132
济南某酒店,13,13,1.0,0.9230769230769231,0.2773500981126146,13,0.9230769230769231,0.07692307692307687,0.9230769230769231,0.5,0.3401577594819142,酒店,81.67,133
滋源生姜洗发水,13,13,1.0,0.9230769230769231,0.2773500981126146,13,0.9230769230769231,0.07692307692307687,0.9230769230769231,0.5,0.3401577594819142,洗发水,81.67,134
蒙牛真果粒,13,13,1.0,0.9230769230769231,0.2773500981126146,13,0.9230769230769231,0.07692307692307687,0.9230769230769231,0.5,0.3401577594819142,蒙牛,81.67,135
清扬洗发水,346,346,1.0,0.846820809248555,0.3606817332845404,346,0.846820809248555,0.15317919075144504,0.846820809248555,0.5,0.7539408823372689,洗发水,81.61,136
打底衫,12,12,1.0,0.9166666666666666,0.28867513459481287,12,0.9166666666666666,0.08333333333333337,0.9166666666666666,0.5,0.3306057116788325,衣服,81.22,137
乌鲁木齐某酒店,12,12,1.0,0.9166666666666666,0.28867513459481287,12,0.9166666666666666,0.08333333333333337,0.9166666666666666,0.5,0.3306057116788325,酒店,81.22,138
清扬去屑洗发水,12,12,1.0,0.9166666666666666,0.28867513459481287,12,0.9166666666666666,0.08333333333333337,0.9166666666666666,0.5,0.3306057116788325,洗发水,81.22,139
蒙牛优益C,29,29,1.0,0.896551724137931,0.30993404669460345,29,0.896551724137931,0.10344827586206895,0.896551724137931,0.5,0.4383927806034512,蒙牛,81.19,140
大理某酒店,11,11,1.0,0.9090909090909091,0.30151134457776363,11,0.9090909090909091,0.09090909090909094,0.9090909090909091,0.5,0.320288714090506,酒店,80.7,141
威海某酒店,18,18,1.0,0.8888888888888888,0.32338083338177726,18,0.8888888888888888,0.11111111111111116,0.8888888888888888,0.5,0.37951951814191465,酒店,80.18,142
美的热水器,58,56,0.9655172413793104,0.875,0.3337119062359573,56,0.875,0.125,0.875,0.5,0.5211236774979842,热水器,80.15,143
华为平板M3,10,10,1.0,0.9,0.31622776601683794,10,0.9,0.09999999999999998,0.9,0.5,0.3090734992052183,平板,80.09,144
联想ThinkPad X200,10,10,1.0,0.9,0.31622776601683794,10,0.9,0.09999999999999998,0.9,0.5,0.3090734992052183,计算机,80.09,145
三亚某酒店,81,81,1.0,0.8518518518518519,0.3574601764921203,81,0.8518518518518519,0.14814814814814814,0.8518518518518519,0.5,0.5679981745731035,酒店,80.03,146
潘婷洗发水,331,329,0.9939577039274925,0.8206686930091185,0.3842138508613573,329,0.8206686930091185,0.1793313069908815,0.8206686930091185,0.5,0.7474662798086695,洗发水,79.99,147
厦门某酒店,42,42,1.0,0.8571428571428571,0.3541688016605732,42,0.8571428571428571,0.1428571428571429,0.8571428571428571,0.5,0.4847948507825555,酒店,79.49,148
大同某酒店,9,9,1.0,0.8888888888888888,0.3333333333333333,9,0.8888888888888888,0.11111111111111116,0.8888888888888888,0.5,0.29678862124738176,酒店,79.36,149
沙宣修护水养,9,9,1.0,0.8888888888888888,0.3333333333333333,9,0.8888888888888888,0.11111111111111116,0.8888888888888888,0.5,0.29678862124738176,洗发水,79.36,150
西安某酒店,9,9,1.0,0.8888888888888888,0.3333333333333333,9,0.8888888888888888,0.11111111111111116,0.8888888888888888,0.5,0.29678862124738176,酒店,79.36,151
潘苹果 甘肃天水红富士苹果,4,3,0.75,1.0,0.0,3,1.0,0.0,1.0,0.5,0.17868455473443656,水果,79.29,152
滋源洗发水,50,50,1.0,0.84,0.3703280399090206,50,0.84,0.16000000000000003,0.84,0.5,0.5067873982472554,洗发水,78.77,153
蒙牛纯牛奶,41,40,0.975609756097561,0.85,0.36162028533978946,40,0.85,0.15000000000000002,0.85,0.5,0.4786558972058852,蒙牛,78.55,154
休闲裤,8,8,1.0,0.875,0.3535533905932738,8,0.875,0.125,0.875,0.5,0.2832083187121389,衣服,78.46,155
东莞某酒店,8,8,1.0,0.875,0.3535533905932738,8,0.875,0.125,0.875,0.5,0.2832083187121389,酒店,78.46,156
宜昌某酒店,8,8,1.0,0.875,0.3535533905932738,8,0.875,0.125,0.875,0.5,0.2832083187121389,酒店,78.46,157
秦皇岛某酒店,8,8,1.0,0.875,0.3535533905932738,8,0.875,0.125,0.875,0.5,0.2832083187121389,酒店,78.46,158
外套,8,8,1.0,0.875,0.3535533905932738,8,0.875,0.125,0.875,0.5,0.2832083187121389,衣服,78.46,159
T恤,150,148,0.9866666666666667,0.8108108108108109,0.3929887459459297,148,0.8108108108108109,0.18918918918918914,0.8108108108108109,0.5,0.6449769563158213,衣服,78.28,160
黄山某酒店,20,20,1.0,0.85,0.36634754853252327,20,0.85,0.15000000000000002,0.85,0.5,0.39241964147076536,酒店,78.17,161
洛阳某酒店,14,14,1.0,0.8571428571428571,0.36313651960128146,14,0.8571428571428571,0.1428571428571429,0.8571428571428571,0.5,0.3490505032362329,酒店,78.13,162
美的电热水器,27,26,0.9629629629629629,0.8461538461538461,0.36794648440311994,26,0.8461538461538461,0.15384615384615385,0.8461538461538461,0.5,0.4248124780682083,热水器,77.55,163
无法确定,1295,1292,0.9976833976833976,0.7414860681114551,0.4379873930018136,1292,0.7414860681114551,0.2585139318885449,0.7414860681114551,0.5,0.923487036074639,书籍,77.47,164
敦煌某酒店,13,13,1.0,0.8461538461538461,0.37553380809940534,13,0.8461538461538461,0.15384615384615385,0.8461538461538461,0.5,0.3401577594819142,酒店,77.44,165
华为M3,29,29,1.0,0.8275862068965517,0.38442587221924474,29,0.8275862068965517,0.1724137931034483,0.8275862068965517,0.5,0.4383927806034512,平板,77.4,166
青岛某酒店,34,34,1.0,0.8235294117647058,0.3869529949759475,34,0.8235294117647058,0.17647058823529416,0.8235294117647058,0.5,0.4582618259948594,酒店,77.38,167
海口某酒店,7,7,1.0,0.8571428571428571,0.37796447300922725,7,0.8571428571428571,0.1428571428571429,0.8571428571428571,0.5,0.26802683210165484,酒店,77.32,168
烟台某酒店,7,7,1.0,0.8571428571428571,0.37796447300922725,7,0.8571428571428571,0.1428571428571429,0.8571428571428571,0.5,0.26802683210165484,酒店,77.32,169
蒙牛未来星,7,7,1.0,0.8571428571428571,0.37796447300922725,7,0.8571428571428571,0.1428571428571429,0.8571428571428571,0.5,0.26802683210165484,蒙牛,77.32,170
戴尔电脑,7,7,1.0,0.8571428571428571,0.37796447300922725,7,0.8571428571428571,0.1428571428571429,0.8571428571428571,0.5,0.26802683210165484,计算机,77.32,171
石家庄某酒店,7,7,1.0,0.8571428571428571,0.37796447300922725,7,0.8571428571428571,0.1428571428571429,0.8571428571428571,0.5,0.26802683210165484,酒店,77.32,172
南先生的作品,3,2,0.6666666666666666,1.0,0.0,2,1.0,0.0,1.0,0.5,0.14160415935606946,书籍,77.25,173
富士苹果,2091,2088,0.9985652797704447,0.7241379310344828,0.4470547005223834,2088,0.7241379310344828,0.27586206896551724,0.7241379310344828,0.5,0.9853199522279392,水果,77.15,174
太原某酒店,18,18,1.0,0.8333333333333334,0.3834824944236852,18,0.8333333333333334,0.16666666666666663,0.8333333333333334,0.5,0.37951951814191465,酒店,77.13,175
牛仔裤,139,138,0.9928057553956835,0.782608695652174,0.41397363071955795,138,0.782608695652174,0.21739130434782605,0.782608695652174,0.5,0.6360224078801461,衣服,76.76,176
裤子,2360,2340,0.9915254237288136,0.714957264957265,0.45153128647086455,2340,0.714957264957265,0.28504273504273503,0.714957264957265,0.5,1.0,衣服,76.65,177
长沙某酒店,22,22,1.0,0.8181818181818182,0.39477101697586137,22,0.8181818181818182,0.18181818181818177,0.8181818181818182,0.5,0.40414532696584216,酒店,76.54,178
华为M2平板,9,8,0.8888888888888888,0.875,0.3535533905932738,8,0.875,0.125,0.875,0.5,0.2832083187121389,平板,76.23,179
iPhone手机,6,6,1.0,0.8333333333333334,0.408248290463863,6,0.8333333333333334,0.16666666666666663,0.8333333333333334,0.5,0.2508154821146959,手机,75.84,180
三星酒店,6,6,1.0,0.8333333333333334,0.408248290463863,6,0.8333333333333334,0.16666666666666663,0.8333333333333334,0.5,0.2508154821146959,酒店,75.84,181
iPad,6,6,1.0,0.8333333333333334,0.408248290463863,6,0.8333333333333334,0.16666666666666663,0.8333333333333334,0.5,0.2508154821146959,平板,75.84,182
ACER电脑,6,6,1.0,0.8333333333333334,0.408248290463863,6,0.8333333333333334,0.16666666666666663,0.8333333333333334,0.5,0.2508154821146959,计算机,75.84,183
花花公子牛仔裤,16,16,1.0,0.8125,0.4031128874149275,16,0.8125,0.1875,0.8125,0.5,0.3651832388911859,衣服,75.84,184
南昌某酒店,6,6,1.0,0.8333333333333334,0.408248290463863,6,0.8333333333333334,0.16666666666666663,0.8333333333333334,0.5,0.2508154821146959,酒店,75.84,185
蒙牛奶特,6,6,1.0,0.8333333333333334,0.408248290463863,6,0.8333333333333334,0.16666666666666663,0.8333333333333334,0.5,0.2508154821146959,蒙牛,75.84,186
安庆某酒店,6,6,1.0,0.8333333333333334,0.408248290463863,6,0.8333333333333334,0.16666666666666663,0.8333333333333334,0.5,0.2508154821146959,酒店,75.84,187
MacBook电脑,6,6,1.0,0.8333333333333334,0.408248290463863,6,0.8333333333333334,0.16666666666666663,0.8333333333333334,0.5,0.2508154821146959,计算机,75.84,188
沙宣洗发水,397,397,1.0,0.7380352644836272,0.44025838231397724,397,0.7380352644836272,0.2619647355163728,0.7380352644836272,0.5,0.771615712365157,洗发水,75.81,189
联想ThinkPad,104,104,1.0,0.7596153846153846,0.42938638330620443,104,0.7596153846153846,0.24038461538461542,0.7596153846153846,0.5,0.5998659853509288,计算机,75.28,190
徐州某酒店,15,15,1.0,0.8,0.41403933560541256,15,0.8,0.19999999999999996,0.8,0.5,0.3573691094688731,酒店,75.07,191
华为M3平板,31,31,1.0,0.7741935483870968,0.42502371850324133,31,0.7741935483870968,0.22580645161290325,0.7741935483870968,0.5,0.4467113868360914,平板,74.55,192
苹果iPad Pro,14,14,1.0,0.7857142857142857,0.42581531362632,14,0.7857142857142857,0.2142857142857143,0.7857142857142857,0.5,0.3490505032362329,平板,74.2,193
班尼路T恤,34,34,1.0,0.7647058823529411,0.43056154520204615,34,0.7647058823529411,0.23529411764705888,0.7647058823529411,0.5,0.4582618259948594,衣服,74.14,194
华为荣耀平板,18,18,1.0,0.7777777777777778,0.42779263194649864,18,0.7777777777777778,0.2222222222222222,0.7777777777777778,0.5,0.37951951814191465,平板,74.07,195
重庆某酒店,41,41,1.0,0.7560975609756098,0.4347693529262412,41,0.7560975609756098,0.24390243902439024,0.7560975609756098,0.5,0.4817619188379837,酒店,73.9,196
扬州某酒店,5,5,1.0,0.8,0.4472135954999579,5,0.8,0.19999999999999996,0.8,0.5,0.2309464367232877,酒店,73.81,197
清扬去屑,5,5,1.0,0.8,0.4472135954999579,5,0.8,0.19999999999999996,0.8,0.5,0.2309464367232877,洗发水,73.81,198
Gateway电脑,5,5,1.0,0.8,0.4472135954999579,5,0.8,0.19999999999999996,0.8,0.5,0.2309464367232877,计算机,73.81,199
淄博某酒店,5,5,1.0,0.8,0.4472135954999579,5,0.8,0.19999999999999996,0.8,0.5,0.2309464367232877,酒店,73.81,200
蒙牛老酸奶,5,5,1.0,0.8,0.4472135954999579,5,0.8,0.19999999999999996,0.8,0.5,0.2309464367232877,蒙牛,73.81,201
九华山某酒店,5,5,1.0,0.8,0.4472135954999579,5,0.8,0.19999999999999996,0.8,0.5,0.2309464367232877,酒店,73.81,202
南通某酒店,5,5,1.0,0.8,0.4472135954999579,5,0.8,0.19999999999999996,0.8,0.5,0.2309464367232877,酒店,73.81,203
绍兴某酒店,5,5,1.0,0.8,0.4472135954999579,5,0.8,0.19999999999999996,0.8,0.5,0.2309464367232877,酒店,73.81,204
柳州某酒店,9,9,1.0,0.7777777777777778,0.44095855184409843,9,0.7777777777777778,0.2222222222222222,0.7777777777777778,0.5,0.29678862124738176,酒店,73.25,205
蒙牛纯甄酸奶,79,79,1.0,0.7215189873417721,0.4511156785172619,79,0.7215189873417721,0.2784810126582279,0.7215189873417721,0.5,0.5648154533490365,蒙牛,72.83,206
iPad平板,31,31,1.0,0.7419354838709677,0.44480272297456924,31,0.7419354838709677,0.25806451612903225,0.7419354838709677,0.5,0.4467113868360914,平板,72.77,207
华圣苹果,37,37,1.0,0.7297297297297297,0.45022516889074815,37,0.7297297297297297,0.2702702702702703,0.7297297297297297,0.5,0.468861795509133,水果,72.32,208
大连某酒店,33,33,1.0,0.7272727272727273,0.45226701686664544,33,0.7272727272727273,0.2727272727272727,0.7272727272727273,0.5,0.45452551625840426,酒店,72.05,209
武汉某酒店,8,8,1.0,0.75,0.4629100498862757,8,0.75,0.25,0.75,0.5,0.2832083187121389,酒店,71.58,210
郑州某酒店,22,22,1.0,0.7272727272727273,0.4558423058385518,22,0.7272727272727273,0.2727272727272727,0.7272727272727273,0.5,0.40414532696584216,酒店,71.54,211
MacBook Pro M3,67,67,1.0,0.7014925373134329,0.46105693374634943,67,0.7014925373134329,0.29850746268656714,0.7014925373134329,0.5,0.5438677936256225,计算机,71.52,212
长春某酒店,15,15,1.0,0.7333333333333333,0.4577377082170634,15,0.7333333333333333,0.2666666666666667,0.7333333333333333,0.5,0.3573691094688731,酒店,71.41,213
烟台富士苹果,868,866,0.9976958525345622,0.6397228637413395,0.48035816777637635,866,0.6397228637413395,0.36027713625866054,0.6397228637413395,0.5,0.8719706371384413,水果,71.36,214
三星电脑,38,38,1.0,0.7105263157894737,0.45960586739381004,38,0.7105263157894737,0.2894736842105263,0.7105263157894737,0.5,0.4722098710349019,计算机,71.3,215
华为平板,1405,1398,0.9950177935943061,0.6258941344778255,0.48406433099739266,1398,0.6258941344778255,0.3741058655221745,0.6258941344778255,0.5,0.9336429021796192,平板,71.16,216
江门某酒店,4,4,1.0,0.75,0.5,4,0.75,0.25,0.75,0.5,0.20744634388016345,酒店,70.82,217
诺基亚N70,4,4,1.0,0.75,0.5,4,0.75,0.25,0.75,0.5,0.20744634388016345,手机,70.82,218
蚌埠某酒店,4,4,1.0,0.75,0.5,4,0.75,0.25,0.75,0.5,0.20744634388016345,酒店,70.82,219
安吉某酒店,4,4,1.0,0.75,0.5,4,0.75,0.25,0.75,0.5,0.20744634388016345,酒店,70.82,220
义乌某酒店,4,4,1.0,0.75,0.5,4,0.75,0.25,0.75,0.5,0.20744634388016345,酒店,70.82,221
索尼电脑,4,4,1.0,0.75,0.5,4,0.75,0.25,0.75,0.5,0.20744634388016345,计算机,70.82,222
周庄某酒店,4,4,1.0,0.75,0.5,4,0.75,0.25,0.75,0.5,0.20744634388016345,酒店,70.82,223
猕猴桃,4,4,1.0,0.75,0.5,4,0.75,0.25,0.75,0.5,0.20744634388016345,水果,70.82,224
沙田某酒店,4,4,1.0,0.75,0.5,4,0.75,0.25,0.75,0.5,0.20744634388016345,酒店,70.82,225
嘉峪关某酒店,4,4,1.0,0.75,0.5,4,0.75,0.25,0.75,0.5,0.20744634388016345,酒店,70.82,226
夏新手机,4,4,1.0,0.75,0.5,4,0.75,0.25,0.75,0.5,0.20744634388016345,手机,70.82,227
宝洁洗发水,4,4,1.0,0.75,0.5,4,0.75,0.25,0.75,0.5,0.20744634388016345,洗发水,70.82,228
慈溪某酒店,4,4,1.0,0.75,0.5,4,0.75,0.25,0.75,0.5,0.20744634388016345,酒店,70.82,229
协程某酒店,4,4,1.0,0.75,0.5,4,0.75,0.25,0.75,0.5,0.20744634388016345,酒店,70.82,230
喜来登某酒店,4,4,1.0,0.75,0.5,4,0.75,0.25,0.75,0.5,0.20744634388016345,酒店,70.82,231
阳朔某酒店,21,21,1.0,0.7142857142857143,0.4629100498862757,21,0.7142857142857143,0.2857142857142857,0.7142857142857143,0.5,0.39841577657243665,酒店,70.77,232
花花公子服装,11,11,1.0,0.7272727272727273,0.46709936649691375,11,0.7272727272727273,0.2727272727272727,0.7272727272727273,0.5,0.320288714090506,衣服,70.7,233
天津某酒店,33,33,1.0,0.696969696969697,0.46669372215943755,33,0.696969696969697,0.303030303030303,0.696969696969697,0.5,0.45452551625840426,酒店,70.38,234
北京某酒店,381,381,1.0,0.6377952755905512,0.4812695601807459,381,0.6377952755905512,0.36220472440944884,0.6377952755905512,0.5,0.766327025451944,酒店,70.24,235
哈尔滨某酒店,23,23,1.0,0.6956521739130435,0.4704719688969647,23,0.6956521739130435,0.30434782608695654,0.6956521739130435,0.5,0.4096309914577243,酒店,69.86,236
深圳某酒店,49,49,1.0,0.673469387755102,0.47380354147934284,49,0.673469387755102,0.326530612244898,0.673469387755102,0.5,0.5042349651275452,酒店,69.58,237
夹克,7,7,1.0,0.7142857142857143,0.4879500364742666,7,0.7142857142857143,0.2857142857142857,0.7142857142857143,0.5,0.26802683210165484,衣服,69.47,238
Sony电脑,7,7,1.0,0.7142857142857143,0.4879500364742666,7,0.7142857142857143,0.2857142857142857,0.7142857142857143,0.5,0.26802683210165484,计算机,69.47,239
潘婷修护,48,48,1.0,0.6666666666666666,0.47639306734033093,48,0.6666666666666666,0.33333333333333337,0.6666666666666666,0.5,0.5016309642293918,洗发水,69.18,240
银川某酒店,10,10,1.0,0.7,0.48304589153964794,10,0.7,0.30000000000000004,0.7,0.5,0.3090734992052183,酒店,69.09,241
西宁某酒店,13,13,1.0,0.6923076923076923,0.48038446141526137,13,0.6923076923076923,0.3076923076923077,0.6923076923076923,0.5,0.3401577594819142,酒店,68.98,242
班尼路服装,15,14,0.9333333333333333,0.7142857142857143,0.4688072309384954,14,0.7142857142857143,0.2857142857142857,0.7142857142857143,0.5,0.3490505032362329,衣服,68.94,243
成都某酒店,36,36,1.0,0.6666666666666666,0.47809144373375745,36,0.6666666666666666,0.33333333333333337,0.6666666666666666,0.5,0.4654244275236104,酒店,68.82,244
潘苹果,70,70,1.0,0.6428571428571429,0.4826170890658401,70,0.6428571428571429,0.3571428571428571,0.6428571428571429,0.5,0.549432412889039,水果,68.35,245
IBM电脑,24,24,1.0,0.6666666666666666,0.48154341234307674,24,0.6666666666666666,0.33333333333333337,0.6666666666666666,0.5,0.4148926877603269,计算机,68.32,246
三星平板,18,18,1.0,0.6666666666666666,0.48507125007266594,18,0.6666666666666666,0.33333333333333337,0.6666666666666666,0.5,0.37951951814191465,平板,67.96,247
苏州某酒店,60,60,1.0,0.6333333333333333,0.4859611014169709,60,0.6333333333333333,0.3666666666666667,0.6333333333333333,0.5,0.5298655802046611,酒店,67.63,248
羽绒服,115,114,0.991304347826087,0.6052631578947368,0.49095213710863145,114,0.6052631578947368,0.39473684210526316,0.6052631578947368,0.5,0.6115916708460056,衣服,66.73,249
宜宾某酒店,6,6,1.0,0.6666666666666666,0.5163977794943223,6,0.6666666666666666,0.33333333333333337,0.6666666666666666,0.5,0.2508154821146959,酒店,66.67,250
阿克苏苹果,6,6,1.0,0.6666666666666666,0.5163977794943223,6,0.6666666666666666,0.33333333333333337,0.6666666666666666,0.5,0.2508154821146959,水果,66.67,251
连云港某酒店,6,6,1.0,0.6666666666666666,0.5163977794943223,6,0.6666666666666666,0.33333333333333337,0.6666666666666666,0.5,0.2508154821146959,酒店,66.67,252
乐山某酒店,6,6,1.0,0.6666666666666666,0.5163977794943223,6,0.6666666666666666,0.33333333333333337,0.6666666666666666,0.5,0.2508154821146959,酒店,66.67,253
香格里拉酒店,6,6,1.0,0.6666666666666666,0.5163977794943223,6,0.6666666666666666,0.33333333333333337,0.6666666666666666,0.5,0.2508154821146959,酒店,66.67,254
洛川苹果,6,6,1.0,0.6666666666666666,0.5163977794943223,6,0.6666666666666666,0.33333333333333337,0.6666666666666666,0.5,0.2508154821146959,水果,66.67,255
艾米的作品,3,3,1.0,0.6666666666666666,0.5773502691896258,3,0.6666666666666666,0.33333333333333337,0.6666666666666666,0.5,0.17868455473443656,书籍,65.95,256
荣耀X2,3,3,1.0,0.6666666666666666,0.5773502691896258,3,0.6666666666666666,0.33333333333333337,0.6666666666666666,0.5,0.17868455473443656,平板,65.95,257
陕西富士苹果,3,3,1.0,0.6666666666666666,0.5773502691896258,3,0.6666666666666666,0.33333333333333337,0.6666666666666666,0.5,0.17868455473443656,水果,65.95,258
莆田某酒店,3,3,1.0,0.6666666666666666,0.5773502691896258,3,0.6666666666666666,0.33333333333333337,0.6666666666666666,0.5,0.17868455473443656,酒店,65.95,259
匪我思存的作品,3,3,1.0,0.6666666666666666,0.5773502691896258,3,0.6666666666666666,0.33333333333333337,0.6666666666666666,0.5,0.17868455473443656,书籍,65.95,260
ASUS电脑,3,3,1.0,0.6666666666666666,0.5773502691896258,3,0.6666666666666666,0.33333333333333337,0.6666666666666666,0.5,0.17868455473443656,计算机,65.95,261
潍坊某酒店,3,3,1.0,0.6666666666666666,0.5773502691896258,3,0.6666666666666666,0.33333333333333337,0.6666666666666666,0.5,0.17868455473443656,酒店,65.95,262
四川某酒店,3,3,1.0,0.6666666666666666,0.5773502691896258,3,0.6666666666666666,0.33333333333333337,0.6666666666666666,0.5,0.17868455473443656,酒店,65.95,263
摩托罗拉A1200,3,3,1.0,0.6666666666666666,0.5773502691896258,3,0.6666666666666666,0.33333333333333337,0.6666666666666666,0.5,0.17868455473443656,手机,65.95,264
宏辉苹果,3,3,1.0,0.6666666666666666,0.5773502691896258,3,0.6666666666666666,0.33333333333333337,0.6666666666666666,0.5,0.17868455473443656,水果,65.95,265
龙岩某酒店,3,3,1.0,0.6666666666666666,0.5773502691896258,3,0.6666666666666666,0.33333333333333337,0.6666666666666666,0.5,0.17868455473443656,酒店,65.95,266
HP 541,3,3,1.0,0.6666666666666666,0.5773502691896258,3,0.6666666666666666,0.33333333333333337,0.6666666666666666,0.5,0.17868455473443656,计算机,65.95,267
联想SL400,3,3,1.0,0.6666666666666666,0.5773502691896258,3,0.6666666666666666,0.33333333333333337,0.6666666666666666,0.5,0.17868455473443656,计算机,65.95,268
东莞海悦酒店,3,3,1.0,0.6666666666666666,0.5773502691896258,3,0.6666666666666666,0.33333333333333337,0.6666666666666666,0.5,0.17868455473443656,酒店,65.95,269
嘉兴某酒店,3,3,1.0,0.6666666666666666,0.5773502691896258,3,0.6666666666666666,0.33333333333333337,0.6666666666666666,0.5,0.17868455473443656,酒店,65.95,270
清扬男士,3,3,1.0,0.6666666666666666,0.5773502691896258,3,0.6666666666666666,0.33333333333333337,0.6666666666666666,0.5,0.17868455473443656,洗发水,65.95,271
盐城某酒店,3,3,1.0,0.6666666666666666,0.5773502691896258,3,0.6666666666666666,0.33333333333333337,0.6666666666666666,0.5,0.17868455473443656,酒店,65.95,272
父母是孩子最好的医生,3,3,1.0,0.6666666666666666,0.5773502691896258,3,0.6666666666666666,0.33333333333333337,0.6666666666666666,0.5,0.17868455473443656,书籍,65.95,273
潮州某酒店,3,3,1.0,0.6666666666666666,0.5773502691896258,3,0.6666666666666666,0.33333333333333337,0.6666666666666666,0.5,0.17868455473443656,酒店,65.95,274
班尼路短袖,3,3,1.0,0.6666666666666666,0.5773502691896258,3,0.6666666666666666,0.33333333333333337,0.6666666666666666,0.5,0.17868455473443656,衣服,65.95,275
临安某酒店,3,3,1.0,0.6666666666666666,0.5773502691896258,3,0.6666666666666666,0.33333333333333337,0.6666666666666666,0.5,0.17868455473443656,酒店,65.95,276
联想R系列电脑,3,3,1.0,0.6666666666666666,0.5773502691896258,3,0.6666666666666666,0.33333333333333337,0.6666666666666666,0.5,0.17868455473443656,计算机,65.95,277
包头某酒店,3,3,1.0,0.6666666666666666,0.5773502691896258,3,0.6666666666666666,0.33333333333333337,0.6666666666666666,0.5,0.17868455473443656,酒店,65.95,278
NEC手机,3,3,1.0,0.6666666666666666,0.5773502691896258,3,0.6666666666666666,0.33333333333333337,0.6666666666666666,0.5,0.17868455473443656,手机,65.95,279
汕头某酒店,3,3,1.0,0.6666666666666666,0.5773502691896258,3,0.6666666666666666,0.33333333333333337,0.6666666666666666,0.5,0.17868455473443656,酒店,65.95,280
泰逸酒店,3,3,1.0,0.6666666666666666,0.5773502691896258,3,0.6666666666666666,0.33333333333333337,0.6666666666666666,0.5,0.17868455473443656,酒店,65.95,281
如家酒店北京,3,3,1.0,0.6666666666666666,0.5773502691896258,3,0.6666666666666666,0.33333333333333337,0.6666666666666666,0.5,0.17868455473443656,酒店,65.95,282
太平洋酒店,3,3,1.0,0.6666666666666666,0.5773502691896258,3,0.6666666666666666,0.33333333333333337,0.6666666666666666,0.5,0.17868455473443656,酒店,65.95,283
ThinkPad X200,3,3,1.0,0.6666666666666666,0.5773502691896258,3,0.6666666666666666,0.33333333333333337,0.6666666666666666,0.5,0.17868455473443656,计算机,65.95,284
ThinkPad电脑,3,3,1.0,0.6666666666666666,0.5773502691896258,3,0.6666666666666666,0.33333333333333337,0.6666666666666666,0.5,0.17868455473443656,计算机,65.95,285
日照某酒店,3,3,1.0,0.6666666666666666,0.5773502691896258,3,0.6666666666666666,0.33333333333333337,0.6666666666666666,0.5,0.17868455473443656,酒店,65.95,286
安徽某酒店,3,3,1.0,0.6666666666666666,0.5773502691896258,3,0.6666666666666666,0.33333333333333337,0.6666666666666666,0.5,0.17868455473443656,酒店,65.95,287
海悦酒店,3,3,1.0,0.6666666666666666,0.5773502691896258,3,0.6666666666666666,0.33333333333333337,0.6666666666666666,0.5,0.17868455473443656,酒店,65.95,288
西门子CX65,3,3,1.0,0.6666666666666666,0.5773502691896258,3,0.6666666666666666,0.33333333333333337,0.6666666666666666,0.5,0.17868455473443656,手机,65.95,289
联想电脑,132,131,0.9924242424242424,0.5801526717557252,0.49542830690349987,131,0.5801526717557252,0.41984732824427484,0.5801526717557252,0.5,0.6293622132957243,计算机,65.55,290
MacBook Pro,21,21,1.0,0.6190476190476191,0.4976133515281193,21,0.6190476190476191,0.38095238095238093,0.6190476190476191,0.5,0.39841577657243665,计算机,65.53,291
宏碁电脑,10,9,0.9,0.6666666666666666,0.5,9,0.6666666666666666,0.33333333333333337,0.6666666666666666,0.5,0.29678862124738176,计算机,65.13,292
九江某酒店,8,8,1.0,0.625,0.5175491695067657,8,0.625,0.375,0.625,0.5,0.2832083187121389,酒店,64.71,293
苹果平板,34,34,1.0,0.5882352941176471,0.49955416843564227,34,0.5882352941176471,0.4117647058823529,0.5882352941176471,0.5,0.4582618259948594,平板,64.44,294
海飞丝去屑洗发水,113,112,0.9911504424778761,0.5535714285714286,0.49935608472962384,112,0.5535714285714286,0.4464285714285714,0.5535714285714286,0.5,0.6093303205541647,洗发水,63.86,295
荣耀平板,17,17,1.0,0.5882352941176471,0.5072996561958923,17,0.5882352941176471,0.4117647058823529,0.5882352941176471,0.5,0.37255059607935714,平板,63.58,296
东芝电脑,17,17,1.0,0.5882352941176471,0.5072996561958923,17,0.5882352941176471,0.4117647058823529,0.5882352941176471,0.5,0.37255059607935714,计算机,63.58,297
蒙牛酸奶,19,19,1.0,0.5789473684210527,0.5072572735017881,19,0.5789473684210527,0.42105263157894735,0.5789473684210527,0.5,0.38613089861460004,蒙牛,63.2,298
不一样的卡梅拉,12,12,1.0,0.5833333333333334,0.5149286505444373,12,0.5833333333333334,0.41666666666666663,0.5833333333333334,0.5,0.3306057116788325,书籍,62.89,299
联想手机,5,5,1.0,0.6,0.5477225575051661,5,0.6,0.4,0.6,0.5,0.2309464367232877,手机,62.81,300
MacBook,5,5,1.0,0.6,0.5477225575051661,5,0.6,0.4,0.6,0.5,0.2309464367232877,计算机,62.81,301
SONY电脑,5,5,1.0,0.6,0.5477225575051661,5,0.6,0.4,0.6,0.5,0.2309464367232877,计算机,62.81,302
MOTO手机,5,5,1.0,0.6,0.5477225575051661,5,0.6,0.4,0.6,0.5,0.2309464367232877,手机,62.81,303
摩托罗拉手机,5,5,1.0,0.6,0.5477225575051661,5,0.6,0.4,0.6,0.5,0.2309464367232877,手机,62.81,304
华为荣耀X2,5,5,1.0,0.6,0.5477225575051661,5,0.6,0.4,0.6,0.5,0.2309464367232877,平板,62.81,305
台北某酒店,5,5,1.0,0.6,0.5477225575051661,5,0.6,0.4,0.6,0.5,0.2309464367232877,酒店,62.81,306
莫干山某酒店,5,5,1.0,0.6,0.5477225575051661,5,0.6,0.4,0.6,0.5,0.2309464367232877,酒店,62.81,307
联想ThinkPad T400,5,5,1.0,0.6,0.5477225575051661,5,0.6,0.4,0.6,0.5,0.2309464367232877,计算机,62.81,308
太仓某酒店,5,5,1.0,0.6,0.5477225575051661,5,0.6,0.4,0.6,0.5,0.2309464367232877,酒店,62.81,309
昆山某酒店,5,5,1.0,0.6,0.5477225575051661,5,0.6,0.4,0.6,0.5,0.2309464367232877,酒店,62.81,310
蒙牛乳品,870,849,0.9758620689655172,0.4923439340400471,0.5002360711233259,849,0.4923439340400471,0.5076560659599529,0.4923439340400471,0.5,0.8694182040187312,蒙牛,62.79,311
蒙牛特仑苏,31,31,1.0,0.5483870967741935,0.5058794110206736,31,0.5483870967741935,0.4516129032258065,0.5483870967741935,0.5,0.4467113868360914,蒙牛,62.13,312
华硕电脑,106,106,1.0,0.5188679245283019,0.5020174930640544,106,0.5188679245283019,0.4811320754716981,0.5188679245283019,0.5,0.6022980133609964,计算机,62.06,313
合肥某酒店,7,7,1.0,0.5714285714285714,0.5345224838248488,7,0.5714285714285714,0.4285714285714286,0.5714285714285714,0.5,0.26802683210165484,酒店,61.61,314
活着,7,7,1.0,0.5714285714285714,0.5345224838248488,7,0.5714285714285714,0.4285714285714286,0.5714285714285714,0.5,0.26802683210165484,书籍,61.61,315
蒙牛优益c,7,7,1.0,0.5714285714285714,0.5345224838248488,7,0.5714285714285714,0.4285714285714286,0.5714285714285714,0.5,0.26802683210165484,蒙牛,61.61,316
美的燃气热水器,30,30,1.0,0.5333333333333333,0.5074162634049248,30,0.5333333333333333,0.4666666666666667,0.5333333333333333,0.5,0.44261918089423363,热水器,61.26,317
惠普电脑,38,38,1.0,0.5263157894736842,0.506009406240056,38,0.5263157894736842,0.4736842105263158,0.5263157894736842,0.5,0.4722098710349019,计算机,61.17,318
广州某酒店,89,89,1.0,0.4943820224719101,0.5028011423654932,89,0.4943820224719101,0.5056179775280899,0.4943820224719101,0.5,0.5799969399595206,酒店,60.49,319
乐视平板,23,23,1.0,0.5217391304347826,0.5107539184552492,23,0.5217391304347826,0.4782608695652174,0.5217391304347826,0.5,0.4096309914577243,平板,60.29,320
海飞丝洗发水,49,49,1.0,0.4897959183673469,0.5050762722761054,49,0.4897959183673469,0.5102040816326531,0.4897959183673469,0.5,0.5042349651275452,洗发水,59.48,321
花花公子裤子,26,26,1.0,0.5,0.5099019513592785,26,0.5,0.5,0.5,0.5,0.4248124780682083,衣服,59.25,322
班尼路衣服,10,9,0.9,0.5555555555555556,0.5270462766947299,9,0.5555555555555556,0.4444444444444444,0.5555555555555556,0.5,0.29678862124738176,衣服,59.02,323
某酒店,31,31,1.0,0.4838709677419355,0.508000508000762,31,0.4838709677419355,0.5161290322580645,0.4838709677419355,0.5,0.4467113868360914,酒店,58.58,324
HP电脑,49,49,1.0,0.46938775510204084,0.5042337758225565,49,0.46938775510204084,0.5306122448979591,0.46938775510204084,0.5,0.5042349651275452,计算机,58.36,325
上海某酒店,420,420,1.0,0.4166666666666667,0.4935946114107033,420,0.4166666666666667,0.5833333333333333,0.4166666666666667,0.5,0.7788570649872573,酒店,58.21,326
陕西苹果,8,8,1.0,0.5,0.5345224838248488,8,0.5,0.5,0.5,0.5,0.2832083187121389,水果,57.83,327
假日酒店,8,8,1.0,0.5,0.5345224838248488,8,0.5,0.5,0.5,0.5,0.2832083187121389,酒店,57.83,328
张家界某酒店,8,8,1.0,0.5,0.5345224838248488,8,0.5,0.5,0.5,0.5,0.2832083187121389,酒店,57.83,329
睡衣,6,6,1.0,0.5,0.5477225575051661,6,0.5,0.5,0.5,0.5,0.2508154821146959,衣服,57.51,330
联想平板,6,6,1.0,0.5,0.5477225575051661,6,0.5,0.5,0.5,0.5,0.2508154821146959,平板,57.51,331
北海某酒店,6,6,1.0,0.5,0.5477225575051661,6,0.5,0.5,0.5,0.5,0.2508154821146959,酒店,57.51,332
兰州某酒店,6,6,1.0,0.5,0.5477225575051661,6,0.5,0.5,0.5,0.5,0.2508154821146959,酒店,57.51,333
西门子手机,6,6,1.0,0.5,0.5477225575051661,6,0.5,0.5,0.5,0.5,0.2508154821146959,手机,57.51,334
天水富士苹果,4,4,1.0,0.5,0.5773502691896257,4,0.5,0.5,0.5,0.5,0.20744634388016345,水果,57.07,335
波导手机,4,4,1.0,0.5,0.5773502691896257,4,0.5,0.5,0.5,0.5,0.20744634388016345,手机,57.07,336
东信手机,4,4,1.0,0.5,0.5773502691896257,4,0.5,0.5,0.5,0.5,0.20744634388016345,手机,57.07,337
携程某酒店,4,4,1.0,0.5,0.5773502691896257,4,0.5,0.5,0.5,0.5,0.20744634388016345,酒店,57.07,338
庐山宾馆,4,4,1.0,0.5,0.5773502691896257,4,0.5,0.5,0.5,0.5,0.20744634388016345,酒店,57.07,339
蓬莱某酒店,4,4,1.0,0.5,0.5773502691896257,4,0.5,0.5,0.5,0.5,0.20744634388016345,酒店,57.07,340
丹东某酒店,4,4,1.0,0.5,0.5773502691896257,4,0.5,0.5,0.5,0.5,0.20744634388016345,酒店,57.07,341
联想Y430,4,4,1.0,0.5,0.5773502691896257,4,0.5,0.5,0.5,0.5,0.20744634388016345,计算机,57.07,342
清扬,4,4,1.0,0.5,0.5773502691896257,4,0.5,0.5,0.5,0.5,0.20744634388016345,洗发水,57.07,343
哈密瓜,4,4,1.0,0.5,0.5773502691896257,4,0.5,0.5,0.5,0.5,0.20744634388016345,水果,57.07,344
加绒裤,4,4,1.0,0.5,0.5773502691896257,4,0.5,0.5,0.5,0.5,0.20744634388016345,衣服,57.07,345
联想ThinkPad X61,4,4,1.0,0.5,0.5773502691896257,4,0.5,0.5,0.5,0.5,0.20744634388016345,计算机,57.07,346
MSI电脑,4,4,1.0,0.5,0.5773502691896257,4,0.5,0.5,0.5,0.5,0.20744634388016345,计算机,57.07,347
苹果M2平板,4,4,1.0,0.5,0.5773502691896257,4,0.5,0.5,0.5,0.5,0.20744634388016345,平板,57.07,348
三门峡某酒店,4,4,1.0,0.5,0.5773502691896257,4,0.5,0.5,0.5,0.5,0.20744634388016345,酒店,57.07,349
绵阳某酒店,4,4,1.0,0.5,0.5773502691896257,4,0.5,0.5,0.5,0.5,0.20744634388016345,酒店,57.07,350
烟台苹果,15,15,1.0,0.4666666666666667,0.5163977794943222,15,0.4666666666666667,0.5333333333333333,0.4666666666666667,0.5,0.3573691094688731,水果,56.74,351
索爱手机,11,11,1.0,0.45454545454545453,0.5222329678670935,11,0.45454545454545453,0.5454545454545454,0.45454545454545453,0.5,0.320288714090506,手机,55.7,352
微星电脑,9,9,1.0,0.4444444444444444,0.5270462766947299,9,0.4444444444444444,0.5555555555555556,0.4444444444444444,0.5,0.29678862124738176,计算机,54.91,353
红富士苹果,9,9,1.0,0.4444444444444444,0.5270462766947299,9,0.4444444444444444,0.5555555555555556,0.4444444444444444,0.5,0.29678862124738176,水果,54.91,354
宁波某酒店,9,9,1.0,0.4444444444444444,0.5270462766947299,9,0.4444444444444444,0.5555555555555556,0.4444444444444444,0.5,0.29678862124738176,酒店,54.91,355
DELL电脑,7,7,1.0,0.42857142857142855,0.5345224838248488,7,0.42857142857142855,0.5714285714285714,0.42857142857142855,0.5,0.26802683210165484,计算机,53.75,356
泰安某酒店,7,7,1.0,0.42857142857142855,0.5345224838248488,7,0.42857142857142855,0.5714285714285714,0.42857142857142855,0.5,0.26802683210165484,酒店,53.75,357
飞利浦手机,7,7,1.0,0.42857142857142855,0.5345224838248488,7,0.42857142857142855,0.5714285714285714,0.42857142857142855,0.5,0.26802683210165484,手机,53.75,358
三星手机,20,20,1.0,0.4,0.5026246899500345,20,0.4,0.6,0.4,0.5,0.39241964147076536,手机,53.42,359
花花公子T恤,15,15,1.0,0.4,0.5070925528371099,15,0.4,0.6,0.4,0.5,0.3573691094688731,衣服,53.07,360
蒙牛早餐奶,10,10,1.0,0.4,0.5163977794943223,10,0.4,0.6,0.4,0.5,0.3090734992052183,蒙牛,52.59,361
拉萨某酒店,10,10,1.0,0.4,0.5163977794943223,10,0.4,0.6,0.4,0.5,0.3090734992052183,酒店,52.59,362
诺基亚手机,13,13,1.0,0.38461538461538464,0.5063696835418333,13,0.38461538461538464,0.6153846153846154,0.38461538461538464,0.5,0.3401577594819142,手机,52.06,363
昆明某酒店,13,13,1.0,0.38461538461538464,0.5063696835418333,13,0.38461538461538464,0.6153846153846154,0.38461538461538464,0.5,0.3401577594819142,酒店,52.06,364
开封某酒店,5,5,1.0,0.4,0.5477225575051661,5,0.4,0.6,0.4,0.5,0.2309464367232877,酒店,51.81,365
NOKIA手机,5,5,1.0,0.4,0.5477225575051661,5,0.4,0.6,0.4,0.5,0.2309464367232877,手机,51.81,366
联想ThinkPad SL400,5,5,1.0,0.4,0.5477225575051661,5,0.4,0.6,0.4,0.5,0.2309464367232877,计算机,51.81,367
华为X2,5,5,1.0,0.4,0.5477225575051661,5,0.4,0.6,0.4,0.5,0.2309464367232877,平板,51.81,368
锦江之星酒店,5,5,1.0,0.4,0.5477225575051661,5,0.4,0.6,0.4,0.5,0.2309464367232877,酒店,51.81,369
桂林某酒店,5,5,1.0,0.4,0.5477225575051661,5,0.4,0.6,0.4,0.5,0.2309464367232877,酒店,51.81,370
acer电脑,5,5,1.0,0.4,0.5477225575051661,5,0.4,0.6,0.4,0.5,0.2309464367232877,计算机,51.81,371
江阴某酒店,5,5,1.0,0.4,0.5477225575051661,5,0.4,0.6,0.4,0.5,0.2309464367232877,酒店,51.81,372
杜拉拉升职记,12,12,1.0,0.3333333333333333,0.49236596391733095,12,0.3333333333333333,0.6666666666666667,0.3333333333333333,0.5,0.3306057116788325,书籍,49.14,373
小米平板,36,35,0.9722222222222222,0.3142857142857143,0.4710082159536055,35,0.3142857142857143,0.6857142857142857,0.3142857142857143,0.5,0.4618928734465754,平板,48.85,374
Dell电脑,9,9,1.0,0.3333333333333333,0.5,9,0.3333333333333333,0.6666666666666667,0.3333333333333333,0.5,0.29678862124738176,计算机,48.8,375
轱辘轱辘转,6,6,1.0,0.3333333333333333,0.5163977794943222,6,0.3333333333333333,0.6666666666666667,0.3333333333333333,0.5,0.2508154821146959,书籍,48.34,376
张爱玲的作品,16,16,1.0,0.3125,0.47871355387816905,16,0.3125,0.6875,0.3125,0.5,0.3651832388911859,书籍,48.34,377
锦江酒店,6,6,1.0,0.3333333333333333,0.5163977794943222,6,0.3333333333333333,0.6666666666666667,0.3333333333333333,0.5,0.2508154821146959,酒店,48.34,378
明朝那些事,6,6,1.0,0.3333333333333333,0.5163977794943222,6,0.3333333333333333,0.6666666666666667,0.3333333333333333,0.5,0.2508154821146959,书籍,48.34,379
汉庭某酒店,3,3,1.0,0.3333333333333333,0.5773502691896258,3,0.3333333333333333,0.6666666666666667,0.3333333333333333,0.5,0.17868455473443656,酒店,47.62,380
屈臣氏洗发水,3,3,1.0,0.3333333333333333,0.5773502691896258,3,0.3333333333333333,0.6666666666666667,0.3333333333333333,0.5,0.17868455473443656,洗发水,47.62,381
天目湖某酒店,3,3,1.0,0.3333333333333333,0.5773502691896258,3,0.3333333333333333,0.6666666666666667,0.3333333333333333,0.5,0.17868455473443656,酒店,47.62,382
齐齐哈尔某酒店,3,3,1.0,0.3333333333333333,0.5773502691896258,3,0.3333333333333333,0.6666666666666667,0.3333333333333333,0.5,0.17868455473443656,酒店,47.62,383
高木直子的作品,3,3,1.0,0.3333333333333333,0.5773502691896258,3,0.3333333333333333,0.6666666666666667,0.3333333333333333,0.5,0.17868455473443656,书籍,47.62,384
泰山某酒店,3,3,1.0,0.3333333333333333,0.5773502691896258,3,0.3333333333333333,0.6666666666666667,0.3333333333333333,0.5,0.17868455473443656,酒店,47.62,385
裙子,3,3,1.0,0.3333333333333333,0.5773502691896258,3,0.3333333333333333,0.6666666666666667,0.3333333333333333,0.5,0.17868455473443656,衣服,47.62,386
直筒裤,3,3,1.0,0.3333333333333333,0.5773502691896258,3,0.3333333333333333,0.6666666666666667,0.3333333333333333,0.5,0.17868455473443656,衣服,47.62,387
南方高科手机,3,3,1.0,0.3333333333333333,0.5773502691896258,3,0.3333333333333333,0.6666666666666667,0.3333333333333333,0.5,0.17868455473443656,手机,47.62,388
烟台红富士苹果,3,3,1.0,0.3333333333333333,0.5773502691896258,3,0.3333333333333333,0.6666666666666667,0.3333333333333333,0.5,0.17868455473443656,水果,47.62,389
邯郸某酒店,3,3,1.0,0.3333333333333333,0.5773502691896258,3,0.3333333333333333,0.6666666666666667,0.3333333333333333,0.5,0.17868455473443656,酒店,47.62,390
当年明月的作品,3,3,1.0,0.3333333333333333,0.5773502691896258,3,0.3333333333333333,0.6666666666666667,0.3333333333333333,0.5,0.17868455473443656,书籍,47.62,391
AMD电脑,3,3,1.0,0.3333333333333333,0.5773502691896258,3,0.3333333333333333,0.6666666666666667,0.3333333333333333,0.5,0.17868455473443656,计算机,47.62,392
南宁某酒店,3,3,1.0,0.3333333333333333,0.5773502691896258,3,0.3333333333333333,0.6666666666666667,0.3333333333333333,0.5,0.17868455473443656,酒店,47.62,393
生姜洗发水,3,3,1.0,0.3333333333333333,0.5773502691896258,3,0.3333333333333333,0.6666666666666667,0.3333333333333333,0.5,0.17868455473443656,洗发水,47.62,394
华为X2平板,3,3,1.0,0.3333333333333333,0.5773502691896258,3,0.3333333333333333,0.6666666666666667,0.3333333333333333,0.5,0.17868455473443656,平板,47.62,395
凯莱酒店,3,3,1.0,0.3333333333333333,0.5773502691896258,3,0.3333333333333333,0.6666666666666667,0.3333333333333333,0.5,0.17868455473443656,酒店,47.62,396
联想ThinkPad T系列,3,3,1.0,0.3333333333333333,0.5773502691896258,3,0.3333333333333333,0.6666666666666667,0.3333333333333333,0.5,0.17868455473443656,计算机,47.62,397
锦江之星上海某酒店,3,3,1.0,0.3333333333333333,0.5773502691896258,3,0.3333333333333333,0.6666666666666667,0.3333333333333333,0.5,0.17868455473443656,酒店,47.62,398
宏基电脑,10,10,1.0,0.3,0.48304589153964794,10,0.3,0.7,0.3,0.5,0.3090734992052183,计算机,47.09,399
如家酒店,56,56,1.0,0.25,0.4369314487526515,56,0.25,0.75,0.25,0.5,0.5211236774979842,酒店,46.46,400
飘柔洗发水,16,16,1.0,0.25,0.44721359549995804,16,0.25,0.75,0.25,0.5,0.3651832388911859,洗发水,44.9,401
海尔手机,8,8,1.0,0.25,0.4629100498862757,8,0.25,0.75,0.25,0.5,0.2832083187121389,手机,44.08,402
资生堂洗发水,8,8,1.0,0.25,0.4629100498862757,8,0.25,0.75,0.25,0.5,0.2832083187121389,洗发水,44.08,403
格林豪泰酒店,4,4,1.0,0.25,0.5,4,0.25,0.75,0.25,0.5,0.20744634388016345,酒店,43.32,404
小米平板2,4,4,1.0,0.25,0.5,4,0.25,0.75,0.25,0.5,0.20744634388016345,平板,43.32,405
承德某酒店,4,4,1.0,0.25,0.5,4,0.25,0.75,0.25,0.5,0.20744634388016345,酒店,43.32,406
贵宾楼某酒店,4,4,1.0,0.25,0.5,4,0.25,0.75,0.25,0.5,0.20744634388016345,酒店,43.32,407
同方电脑,4,4,1.0,0.25,0.5,4,0.25,0.75,0.25,0.5,0.20744634388016345,计算机,43.32,408
航空酒店,4,4,1.0,0.25,0.5,4,0.25,0.75,0.25,0.5,0.20744634388016345,酒店,43.32,409
今生今世,4,4,1.0,0.25,0.5,4,0.25,0.75,0.25,0.5,0.20744634388016345,书籍,43.32,410
青苹果,4,4,1.0,0.25,0.5,4,0.25,0.75,0.25,0.5,0.20744634388016345,水果,43.32,411
诺基亚N72,4,4,1.0,0.25,0.5,4,0.25,0.75,0.25,0.5,0.20744634388016345,手机,43.32,412
汉庭酒店,14,14,1.0,0.21428571428571427,0.4258153136263201,14,0.21428571428571427,0.7857142857142857,0.21428571428571427,0.5,0.3490505032362329,酒店,42.78,413
Acer电脑,9,9,1.0,0.2222222222222222,0.44095855184409843,9,0.2222222222222222,0.7777777777777778,0.2222222222222222,0.5,0.29678862124738176,计算机,42.69,414
贵阳某酒店,9,9,1.0,0.2222222222222222,0.44095855184409843,9,0.2222222222222222,0.7777777777777778,0.2222222222222222,0.5,0.29678862124738176,酒店,42.69,415
蒙牛高钙奶,5,5,1.0,0.2,0.447213595499958,5,0.2,0.8,0.2,0.5,0.2309464367232877,蒙牛,40.81,416
棉服,5,5,1.0,0.2,0.447213595499958,5,0.2,0.8,0.2,0.5,0.2309464367232877,衣服,40.81,417
短裤,5,5,1.0,0.2,0.447213595499958,5,0.2,0.8,0.2,0.5,0.2309464367232877,衣服,40.81,418
蜂花洗发水,5,5,1.0,0.2,0.447213595499958,5,0.2,0.8,0.2,0.5,0.2309464367232877,洗发水,40.81,419
毕淑敏的作品,11,11,1.0,0.18181818181818182,0.40451991747794525,11,0.18181818181818182,0.8181818181818181,0.18181818181818182,0.5,0.320288714090506,书籍,40.7,420
南极人裤子,11,11,1.0,0.18181818181818182,0.40451991747794525,11,0.18181818181818182,0.8181818181818181,0.18181818181818182,0.5,0.320288714090506,衣服,40.7,421
南极人服装,6,6,1.0,0.16666666666666666,0.408248290463863,6,0.16666666666666666,0.8333333333333334,0.16666666666666666,0.5,0.2508154821146959,衣服,39.17,422
求医不如求己,8,8,1.0,0.125,0.3535533905932738,8,0.125,0.875,0.125,0.5,0.2832083187121389,书籍,37.21,423
花牛苹果,8,8,1.0,0.125,0.3535533905932738,8,0.125,0.875,0.125,0.5,0.2832083187121389,水果,37.21,424
莫泰酒店,9,9,1.0,0.1111111111111111,0.33333333333333337,9,0.1111111111111111,0.8888888888888888,0.1111111111111111,0.5,0.29678862124738176,酒店,36.58,425
曲阜某酒店,9,9,1.0,0.1111111111111111,0.33333333333333337,9,0.1111111111111111,0.8888888888888888,0.1111111111111111,0.5,0.29678862124738176,酒店,36.58,426
论语,10,10,1.0,0.1,0.31622776601683794,10,0.1,0.9,0.1,0.5,0.3090734992052183,书籍,36.09,427
火龙果,373,373,1.0,0.0,0.0,373,0.0,1.0,0.0,0.5,0.7635990154636226,水果,35.14,428
施华蔻洗发水,22,22,1.0,0.045454545454545456,0.21320071635561041,22,0.045454545454545456,0.9545454545454546,0.045454545454545456,0.5,0.40414532696584216,洗发水,34.04,429
红心火龙果,25,25,1.0,0.04,0.2,25,0.04,0.96,0.04,0.5,0.4199479890460508,水果,33.9,430
机场某酒店,28,28,1.0,0.03571428571428571,0.1889822365046136,28,0.03571428571428571,0.9642857142857143,0.03571428571428571,0.5,0.43402308551136265,酒店,33.8,431
于丹的作品,24,24,1.0,0.0,0.0,24,0.0,1.0,0.0,0.5,0.4148926877603269,书籍,31.65,432
背心,21,21,1.0,0.0,0.0,21,0.0,1.0,0.0,0.5,0.39841577657243665,衣服,31.48,433
如家某酒店,17,17,1.0,0.0,0.0,17,0.0,1.0,0.0,0.5,0.37255059607935714,酒店,31.23,434
东苑某酒店,12,12,1.0,0.0,0.0,12,0.0,1.0,0.0,0.5,0.3306057116788325,酒店,30.81,435
锦江之星某酒店,11,11,1.0,0.0,0.0,11,0.0,1.0,0.0,0.5,0.320288714090506,酒店,30.7,436
延安饭店,11,11,1.0,0.0,0.0,11,0.0,1.0,0.0,0.5,0.320288714090506,酒店,30.7,437
西柚,10,10,1.0,0.0,0.0,10,0.0,1.0,0.0,0.5,0.3090734992052183,水果,30.59,438
Lee牛仔裤,10,10,1.0,0.0,0.0,10,0.0,1.0,0.0,0.5,0.3090734992052183,衣服,30.59,439
某机场某酒店,9,9,1.0,0.0,0.0,9,0.0,1.0,0.0,0.5,0.29678862124738176,酒店,30.47,440
公平定律,8,8,1.0,0.0,0.0,8,0.0,1.0,0.0,0.5,0.2832083187121389,书籍,30.33,441
华为畅享6,7,7,1.0,0.0,0.0,7,0.0,1.0,0.0,0.5,0.26802683210165484,平板,30.18,442
女心理师,6,6,1.0,0.0,0.0,6,0.0,1.0,0.0,0.5,0.2508154821146959,书籍,30.01,443
色戒,6,6,1.0,0.0,0.0,6,0.0,1.0,0.0,0.5,0.2508154821146959,书籍,30.01,444
胡兰成的作品,6,6,1.0,0.0,0.0,6,0.0,1.0,0.0,0.5,0.2508154821146959,书籍,30.01,445
越南红心火龙果,5,5,1.0,0.0,0.0,5,0.0,1.0,0.0,0.5,0.2309464367232877,水果,29.81,446
TCL手机,5,5,1.0,0.0,0.0,5,0.0,1.0,0.0,0.5,0.2309464367232877,手机,29.81,447
施华寇洗发水,5,5,1.0,0.0,0.0,5,0.0,1.0,0.0,0.5,0.2309464367232877,洗发水,29.81,448
某城市某酒店,5,5,1.0,0.0,0.0,5,0.0,1.0,0.0,0.5,0.2309464367232877,酒店,29.81,449
天水苹果,5,5,1.0,0.0,0.0,5,0.0,1.0,0.0,0.5,0.2309464367232877,水果,29.81,450
惠润洗发水,5,5,1.0,0.0,0.0,5,0.0,1.0,0.0,0.5,0.2309464367232877,洗发水,29.81,451
华为P9,5,5,1.0,0.0,0.0,5,0.0,1.0,0.0,0.5,0.2309464367232877,平板,29.81,452
锦江之星,4,4,1.0,0.0,0.0,4,0.0,1.0,0.0,0.5,0.20744634388016345,酒店,29.57,453
上海航空酒店,4,4,1.0,0.0,0.0,4,0.0,1.0,0.0,0.5,0.20744634388016345,酒店,29.57,454
浦东某酒店,4,4,1.0,0.0,0.0,4,0.0,1.0,0.0,0.5,0.20744634388016345,酒店,29.57,455
桔子酒店,4,4,1.0,0.0,0.0,4,0.0,1.0,0.0,0.5,0.20744634388016345,酒店,29.57,456
速8酒店,3,3,1.0,0.0,0.0,3,0.0,1.0,0.0,0.5,0.17868455473443656,酒店,29.29,457
锦江某酒店,3,3,1.0,0.0,0.0,3,0.0,1.0,0.0,0.5,0.17868455473443656,酒店,29.29,458
红米平板,3,3,1.0,0.0,0.0,3,0.0,1.0,0.0,0.5,0.17868455473443656,平板,29.29,459
华为P10,3,3,1.0,0.0,0.0,3,0.0,1.0,0.0,0.5,0.17868455473443656,平板,29.29,460
联想X200,3,3,1.0,0.0,0.0,3,0.0,1.0,0.0,0.5,0.17868455473443656,计算机,29.29,461
亚麻裤,3,3,1.0,0.0,0.0,3,0.0,1.0,0.0,0.5,0.17868455473443656,衣服,29.29,462
修身裤,3,3,1.0,0.0,0.0,3,0.0,1.0,0.0,0.5,0.17868455473443656,衣服,29.29,463
闽泰酒店,3,3,1.0,0.0,0.0,3,0.0,1.0,0.0,0.5,0.17868455473443656,酒店,29.29,464
泛太平洋酒店,3,3,1.0,0.0,0.0,3,0.0,1.0,0.0,0.5,0.17868455473443656,酒店,29.29,465
如家快捷酒店,3,3,1.0,0.0,0.0,3,0.0,1.0,0.0,0.5,0.17868455473443656,酒店,29.29,466
橘子酒店,3,3,1.0,0.0,0.0,3,0.0,1.0,0.0,0.5,0.17868455473443656,酒店,29.29,467
嘎啦果,3,3,1.0,0.0,0.0,3,0.0,1.0,0.0,0.5,0.17868455473443656,水果,29.29,468
水之密语洗发水,3,3,1.0,0.0,0.0,3,0.0,1.0,0.0,0.5,0.17868455473443656,洗发水,29.29,469
欧莱雅洗发水,3,3,1.0,0.0,0.0,3,0.0,1.0,0.0,0.5,0.17868455473443656,洗发水,29.29,470
越南火龙果,3,3,1.0,0.0,0.0,3,0.0,1.0,0.0,0.5,0.17868455473443656,水果,29.29,471
工作服,3,3,1.0,0.0,0.0,3,0.0,1.0,0.0,0.5,0.17868455473443656,衣服,29.29,472
31岁小美女的养颜经,3,3,1.0,0.0,0.0,3,0.0,1.0,0.0,0.5,0.17868455473443656,书籍,29.29,473
CECT手机,3,3,1.0,0.0,0.0,3,0.0,1.0,0.0,0.5,0.17868455473443656,手机,29.29,474
